Opportunity Type,Keyword / Domain,Search Volume,Keyword Difficulty,Intent,Recommended Placement,Notes
Quick Win,ai prototyping,260,5,informational/commercial,Blog Article,"Lowest KD in niche; growing +24% YoY; write comprehensive guide targeting uizard.io traffic"
Quick Win,figma to flutter,170,8,commercial,Main Page,"Very low KD; floow.design core use case; avg backlinks needed: 28 — very achievable"
Quick Win,ai prototype tool,320,12,transactional/commercial,Main Page,"Low KD; solid volume 320/mo; growing +191% YoY; uizard.io ranks here"
Quick Win,figma to react native,140,13,commercial,Subpage,"Low KD; dev-focused; avg 25 backlinks to rank; declining but still relevant"
Quick Win,ai wireframe tool,110,15,transactional/commercial,Main Page,"Low KD; high CPC $13.80 = high buyer intent; only ~576 avg backlinks needed"
Quick Win,mobile app design inspiration,90,17,commercial/informational,Blog Article,"Low KD; great top-of-funnel content; growing +22% YoY; gallery/showcase page"
Quick Win,ai ux design tool,110,19,transactional,Subpage,"Low KD; SV 110; floow can position as AI UX tool for mobile apps"
Quick Win,ai mockup tool,50,19,transactional,Subpage,"Low KD; high buyer intent; niche-specific; avg 664 backlinks to compete"
Quick Win,mobile ui design,260,24,commercial,Blog Article,"Moderate KD but high volume; informational + commercial mix; guide format"
Quick Win,mobile app mockup tool,30,27,transactional,Subpage,"Low KD; declining volume but still relevant; direct product match"
Quick Win,best ai design tools,260,29,transactional/commercial,Blog Article,"Listicle opportunity; growing +129% YoY; feature floow.design prominently"
Quick Win,prompt to app,40,29,informational,Blog Article,"Growing trend; high CPC $22.81; captures AI-first design audience"
Gap,ai wireframe generator,480,33,commercial,Main Page,"Top competitors uizard & visily rank; SV 480; high CPC $11.79; core feature page"
Gap,ai app creator,1300,33,navigational/commercial,Main Page,"High volume; moderate KD; builder.ai ranks; position as design-focused alternative"
Gap,ai design generator,5400,38,navigational/commercial,Subpage,"Very high volume 5400/mo; KD 38; high traffic potential; declining but still huge"
Gap,prototyping tool,880,34,commercial,Blog Article,"Broad term; visily ranks pos 42; listicle or comparison page"
Gap,ai ui generator,390,37,navigational/commercial,Main Page,"Competitors rank strongly; SV 390; direct product match for floow.design"
Gap,ui design tool,1300,38,transactional,Blog Article,"High volume; moderate KD; comparison/listicle targeting designers"
Gap,figma ai,9900,32,navigational/commercial,Blog Article,"Massive volume 9900/mo; write 'Figma AI vs floow.design' comparison"
Gap,wireframe tool,301000,42,transactional/commercial,Main Page,"Enormous volume (spiky); both uizard & visily rank top 35; worth targeting long-term"
Gap,ai design tool,1900,52,transactional,Subpage,"High volume; moderate-high KD; uizard.io territory; needs content + backlinks"
Gap,mockup generator,2400,50,navigational/commercial,Subpage,"Very high volume; moderate KD; broader audience; create free mockup tool page"
Gap,figma alternative,1000,N/A,transactional,Blog Article,"SV 1000; low competition; comparison page opportunity; position floow as mobile-first alternative"
Gap,ai design software,320,46,transactional,Blog Article,"Declining but still decent volume; review/comparison content"
Gap,mobile app builder,1300,86,navigational/commercial,Blog Article - Long term,"Very high KD; long-term play; needs substantial backlink investment"
Gap,flowchart maker,33100,45,commercial,Not Recommended,"visily.ai ranks here; not core to floow.design product — skip unless pivoting"
Gap,ai website builder,33100,51,navigational/commercial,Not Recommended,"Massive volume but not mobile-app focused; too broad for floow.design"
Backlink,uizard.io,15588 ETV,4903 kw,-,Competitor Backlink Source,"Top competitor; 4903 ranked keywords; target their referring domains for outreach"
Backlink,visily.ai,11918 ETV,3584 kw,-,Competitor Backlink Source,"Strong competitor; 3584 ranked keywords; overlapping wireframe/prototyping niche"
Backlink,flutterflow.io,18220 ETV,5274 kw,-,Competitor Backlink Source,"Highest traffic competitor; flutter-focused; target shared design-to-code backlinks"
Backlink,builder.ai,7438 ETV,1523 kw,-,Competitor Backlink Source,"App builder space; 1523 keywords; more commercial/enterprise backlink profile"
Backlink,locofy.ai,1361 ETV,1379 kw,-,Competitor Backlink Source,"Design-to-code niche; smaller but relevant; achievable shared backlink sources"
Backlink,Design/tech blogs & directories,-,-,-,Outreach Target,"Common backlink sources across competitors: Product Hunt; design blogs (Smashing Magazine; UX Collective); tech directories (G2; Capterra; AlternativeTo)"
Backlink,AI tool aggregator sites,-,-,-,Outreach Target,"Sites like theresanaiforthat.com; futuretools.io; ai-collection — all competitors listed"
Backlink,Developer communities,-,-,-,Outreach Target,"Dev.to; Hashnode; Medium engineering blogs — flutterflow & locofy get links from these"
