Keyword,Search Volume,CPC ($),Competition,Competition Level,Search Intent,Keyword Difficulty,Trend (YoY %),Category
figma ai design,480,3.70,0.45,MEDIUM,commercial,35,238,Figma AI
ai wireframe generator,480,11.79,0.68,HIGH,transactional,33,-71,Wireframe
figma ai design tool,170,2.92,0.02,LOW,transactional,29,2400,Figma AI
figma ai design tools,170,2.92,0.02,LOW,transactional,20,2400,Figma AI
ai ui design tool,110,12.14,0.59,MEDIUM,transactional,71,-22,UI Design Tool
google stitch ai ui design tool,110,9.73,0.16,LOW,transactional,22,,Competitor
figma ai design generator,110,4.66,0.15,LOW,transactional,24,189,Figma AI
figma design ai,110,6.76,0.57,MEDIUM,commercial,35,325,Figma AI
ai tool for ui ux design,70,6.74,0.46,MEDIUM,transactional,19,25,UI Design Tool
ai tool for ui design,70,8.50,0.37,MEDIUM,transactional,41,33,UI Design Tool
best ai tool for ui design,50,8.46,0.76,HIGH,transactional,14,67,UI Design Tool
ui design ai tool,50,10.28,0.74,HIGH,transactional,41,,UI Design Tool
generate figma design with ai,40,7.94,0.59,MEDIUM,commercial,24,-40,Figma AI
ai figma design generator,40,9.12,0.69,HIGH,transactional,18,-25,Figma AI
mobile app design ai,30,11.05,0.81,HIGH,commercial,51,,Mobile App Design
ai generated figma design,30,9.63,0.60,MEDIUM,commercial,25,-33,Figma AI
ai figma design,30,5.85,0.64,MEDIUM,transactional,41,50,Figma AI
ai generate figma design,30,9.63,0.60,MEDIUM,commercial,23,-33,Figma AI
ai mobile app design,20,11.59,0.64,MEDIUM,commercial,,,Mobile App Design
ai app design tool,20,7.99,0.57,MEDIUM,commercial,,,Mobile App Design
ai app mockup generator,20,20.07,0.55,MEDIUM,commercial,,-75,Mockup
best ai tool for ui ux design,20,8.69,0.54,MEDIUM,transactional,,50,UI Design Tool
best ai ui design tool,20,17.60,0.56,MEDIUM,transactional,14,300,UI Design Tool
figma ai ui design,20,10.03,0.17,LOW,commercial,,100,Figma AI
figma design with ai,20,7.58,0.64,MEDIUM,commercial,35,50,Figma AI
generate figma design ai free,20,6.32,0.48,MEDIUM,commercial,,-33,Figma AI
ai to create figma design,20,12.95,0.56,MEDIUM,commercial,,,Figma AI
figma ai design system,20,,0.13,LOW,transactional,,100,Figma AI
ai tool for figma design,20,8.41,0.80,HIGH,transactional,29,,Figma AI
how to use figma ai to design,20,1.39,0.16,LOW,informational,,,Figma AI
ai tools for figma design,20,8.41,0.80,HIGH,transactional,29,,Figma AI
ai for figma design,20,9.66,0.69,HIGH,commercial,35,-50,Figma AI
create figma design using ai,20,11.45,0.81,HIGH,commercial,,-50,Figma AI
figma ai website design,20,7.87,0.29,LOW,navigational,,300,Figma AI
figma ai app design,20,,0.46,MEDIUM,commercial,,,Figma AI
figma ai web design,20,7.87,0.29,LOW,commercial,,300,Figma AI
wireframe generator ai,20,11.79,0.68,HIGH,transactional,33,,Wireframe
ai wireframe generator free,20,5.96,0.68,HIGH,transactional,,,Wireframe
mobile app ui design ai generator,10,8.53,0.86,HIGH,transactional,,,Mobile App Design
ai mobile app design generator,10,29.82,0.82,HIGH,commercial,,,Mobile App Design
ai for mobile app design,10,40.16,0.51,MEDIUM,commercial,,,Mobile App Design
best ai for mobile app design,10,13.18,0.49,MEDIUM,commercial,,,Mobile App Design
mobile app design ai tool,10,22.11,0.86,HIGH,transactional,,,Mobile App Design
ai tool for mobile app design,10,16.23,0.29,LOW,commercial,,,Mobile App Design
ai mobile app mockup generator,10,12.17,0.86,HIGH,commercial,,,Mockup
app mockup ai generator,10,10.15,0.57,MEDIUM,navigational,,,Mockup
best ai for prototype design,10,6.85,0.59,MEDIUM,commercial,,,Prototype
ai prototype design generator,10,15.24,0.79,HIGH,transactional,,,Prototype
design prototype ai,10,7.06,0.39,MEDIUM,commercial,,,Prototype
ai design prototype,10,24.94,0.57,MEDIUM,commercial,,,Prototype
prototype design ai,10,,0.00,LOW,commercial,,,Prototype
text to ui design ai,10,10.13,0.51,MEDIUM,informational,41,,Text to UI
text to ui design ai free,10,,0.71,HIGH,informational,,,Text to UI
ai design copilot text to ui generator,10,15.61,0.71,HIGH,transactional,,,Text to UI
text to ui design,10,3.39,0.51,MEDIUM,informational,,,Text to UI
ai screen design generator,10,18.35,0.71,HIGH,transactional,,,Screen Design
ui design tool ai,10,1.14,0.57,MEDIUM,transactional,41,,UI Design Tool
free ai ui design tool,10,,0.81,HIGH,transactional,,,UI Design Tool
ai tool to create ui design,10,4.03,0.32,LOW,transactional,,,UI Design Tool
google ai ui design tool,10,15.80,0.24,LOW,transactional,,,UI Design Tool
ui ux design ai tool,10,13.76,0.63,MEDIUM,transactional,19,100,UI Design Tool
ai ui ux design tool,10,5.83,0.64,MEDIUM,transactional,19,,UI Design Tool
which ai tool is best for ui ux design,10,5.15,0.71,HIGH,commercial,,,UI Design Tool
free ai tool for ui design,10,,,transactional,,,UI Design Tool
ai wireframe to figma,10,6.35,0.71,HIGH,transactional,,,Wireframe
wireframe ai generator,10,11.79,0.68,HIGH,transactional,33,,Wireframe
ai wireframe app,10,10.68,0.80,HIGH,transactional,,,Wireframe
free ai wireframe generator,10,,0.74,HIGH,transactional,,,Wireframe
