Negative Keyword,Search Volume,CPC ($),Why Negative (Not Relevant to floow.design),Category
ai website builder,33100,28.45,floow.design is for MOBILE app design only — not website building,Website Builder
website builder ai,33100,28.45,Website building — not mobile app UI design,Website Builder
wix ai website builder,22200,8.84,Brand-specific website builder — irrelevant,Website Builder
ai powered website builder,5400,19.57,Website builder — not mobile design tool,Website Builder
hostinger ai website builder,4400,9.50,Brand-specific website builder — irrelevant,Website Builder
free ai website builder,4400,17.76,Website builder — not mobile design,Website Builder
ai website builder free,4400,18.99,Website builder — not mobile design,Website Builder
best ai website builder,3600,29.07,Website builder — not mobile design,Website Builder
10web ai website builder,1600,10.60,Brand-specific website builder — irrelevant,Website Builder
squarespace ai website builder,1300,20.42,Brand-specific website builder — irrelevant,Website Builder
wordpress ai website builder,880,14.63,WordPress website builder — irrelevant,Website Builder
durable ai website builder,880,15.06,Brand-specific website builder — irrelevant,Website Builder
shopify ai website builder,590,17.26,E-commerce website builder — irrelevant,Website Builder
best free ai website builder,720,15.96,Website builder — not mobile design,Website Builder
ai app builder,8100,29.60,App BUILDER (generates code/working apps) — floow.design only designs UI,App Builder / No-Code
no code ai app builder,720,23.66,No-code app builder (builds functional apps) — floow.design designs only,App Builder / No-Code
ai app builder no code,210,20.56,No-code app builder — not a design tool,App Builder / No-Code
ai no code app builder,110,20.47,No-code app builder — not a design tool,App Builder / No-Code
ai app builder no code free,90,23.76,Free no-code app builder — not a design tool,App Builder / No-Code
best no code ai app builder,70,21.88,No-code app builder — not a design tool,App Builder / No-Code
no code app builder with ai,50,35.07,No-code app builder — not a design tool,App Builder / No-Code
best ai no code app builder,40,36.39,No-code app builder — not a design tool,App Builder / No-Code
ai app builder free no code,30,16.38,Free no-code builder — not a design tool,App Builder / No-Code
ai mobile app development,110,28.98,App DEVELOPMENT (coding) — floow.design is design-only,App Development
ai in mobile app development,70,7.98,Development/coding focus — not design,App Development
ai for mobile app development,40,18.46,Development/coding — not design,App Development
ai mobile app development company,40,,Hiring a dev company — not a design tool,App Development
ai tools for mobile app development,40,7.70,Development tools — not design tools,App Development
ai tool for mobile app development,40,7.70,Development tool — not design,App Development
best ai for mobile app development,30,27.89,Development focus — not design,App Development
mobile app development ai,30,27.55,Development/coding — not design,App Development
mobile app development with ai,10,60.51,Development — not design,App Development
mobile app development using ai,10,11.45,Development — not design,App Development
cursor ai mobile app development,10,8.29,Cursor AI for coding — not design,App Development
generative ai in mobile app development,10,,Development focus — informational,App Development
ai app code generator,20,13.38,Code generation — floow.design generates designs not code,Code Generation
ai code generator app,10,16.33,Code generation — not design,Code Generation
free ai app code generator,10,14.17,Free code generator — not design,Code Generation
ai code generator for mobile app,10,8.39,Mobile code generation — not design,Code Generation
ai code generator for app development,10,8.90,Code generation for development — not design,Code Generation
best ai app code generator,10,12.73,Code generation — not design,Code Generation
android app code generator ai,10,,Android code generation — not design,Code Generation
flutter ai app builder,20,11.20,Flutter code builder — floow.design doesn't generate Flutter code,Flutter / Framework-Specific
ai flutter app builder,20,13.22,Flutter code builder — not design,Flutter / Framework-Specific
flutter ai app,20,5.27,Flutter app development — not design,Flutter / Framework-Specific
create flutter app using ai,10,8.75,Flutter development — not design,Flutter / Framework-Specific
create flutter app with ai,10,4.89,Flutter development — not design,Flutter / Framework-Specific
flutter app generator ai,10,6.00,Flutter code generation — not design,Flutter / Framework-Specific
build flutter app with ai,10,18.43,Flutter development — not design,Flutter / Framework-Specific
flutter app builder ai,10,29.16,Flutter code builder — not design,Flutter / Framework-Specific
flutter app development ai,10,,Flutter development — not design,Flutter / Framework-Specific
flutter flow ai app builder,10,27.09,FlutterFlow platform — competitor in different space,Flutter / Framework-Specific
best ai for flutter app development,10,10.36,Flutter development — not design,Flutter / Framework-Specific
react native ai app builder,30,23.29,React Native code builder — not design,React Native / Framework-Specific
build react native app with ai,10,148.05,React Native development — not design,React Native / Framework-Specific
ai react native app builder,10,24.73,React Native code builder — not design,React Native / Framework-Specific
ai to create react native app,10,4.18,React Native development — not design,React Native / Framework-Specific
cursor ai react native app,10,,Cursor AI coding — not design,React Native / Framework-Specific
ai app for logo design,70,5.28,Logo design — floow.design does mobile app UI not logos,Logo / Graphic Design
best ai app for logo design,70,7.27,Logo design — not mobile app UI,Logo / Graphic Design
ai logo design app,40,4.48,Logo design — not mobile app UI,Logo / Graphic Design
best ai logo design app,20,6.06,Logo design — not mobile app UI,Logo / Graphic Design
free ai app for logo design,10,2.90,Free logo design — not mobile app UI,Logo / Graphic Design
app store optimization,1000,,ASO — not app design,App Store / Marketing
app store optimization tool,480,,ASO tool — not design tool,App Store / Marketing
app marketing ai,110,,App marketing — not design,App Store / Marketing
ai game design,210,,Game design — not mobile app UI design,Game Design
ai game design tool,90,,Game design tool — not mobile app UI,Game Design
ai game app,50,,Game app — not design tool,Game Design
mobile game design ai,30,,Game design — not mobile app UI,Game Design
ai graphic design app,170,5.12,General graphic design — not mobile app UI specifically,Graphic Design (Non-Mobile UI)
ai design tool free,140,8.20,Generic design tool — too broad / not mobile-specific,Graphic Design (Non-Mobile UI)
ai poster design app,70,,Poster design — not mobile app UI,Graphic Design (Non-Mobile UI)
ai interior design app,210,,Interior design — completely different domain,Graphic Design (Non-Mobile UI)
ai fashion design app,50,,Fashion design — completely different domain,Graphic Design (Non-Mobile UI)
web design ai tool,110,12.50,Web design — not mobile app design,Web Design
ai web design generator,90,8.40,Web design generator — not mobile app,Web Design
ai web design tool,70,10.80,Web design tool — not mobile app design,Web Design
ai landing page builder,480,18.75,Landing page builder — not mobile app design,Web Design
ai landing page generator,320,15.20,Landing page generation — not mobile app,Web Design
